text,label,first_piece,second_piece,Unnamed: 4,Unnamed: 5,generated_guided_completion,generated_general_completion,rouge_score_for_general_completion,rouge_score_for_guided_completion,bleurt_score_for_general_completion,bleurt_score_for_guided_completion,gpt4_icl_evaluation
"Bromwell High is a cartoon comedy. It ran at the same time as some other programs about school life, such as ""Teachers"". My 35 years in the teaching profession lead me to believe that Bromwell High's satire is much closer to reality than is ""Teachers"". The scramble to survive financially, the insightful students who can see right through their pathetic teachers' pomp, the pettiness of the whole situation, all remind me of the schools I knew and their students. When I saw the episode in which a student repeatedly tried to burn down the school, I immediately recalled ......... at .......... High. A classic line: INSPECTOR: I'm here to sack one of your teachers. STUDENT: Welcome to Bromwell High. I expect that many adults of my age think that Bromwell High is far fetched. What a pity that it isn't!",1 (Positive),"Bromwell High is a cartoon comedy. It ran at the same time as some other programs about school life, such as ""Teachers"". My 35 years in the teaching profession lead me to believe that Bromwell High's satire is much closer to reality than is ""Teachers"".","The scramble to survive financially, the insightful students who can see right through their pathetic teachers' pomp, the pettiness of the whole situation, all remind me of the schools I knew and their students. When I saw the episode in which a student repeatedly tried to burn down the school, I immediately recalled ......... at .......... High. A classic line: INSPECTOR: I'm here to sack one of your teachers. STUDENT: Welcome to Bromwell High. I expect that many adults of my age think that Bromwell High is far fetched. What a pity that it isn't!",,,"The scramble to survive financially, the insightful students who can see right through their pathetic teachers' pomp, the paint that peels from the walls and the teachers' personalities, the teachers' petty backbiting and the students' disregard for learning all ring hilariously true. On the other hand, the more earnest ""Teachers"" stretches reality to the point of being a farce.","SECOND PIECE:  
The show’s sharp wit and exaggerated characters brilliantly lampoon the chaos of inner-city schools, yet never lose touch with authenticity. Where ""Teachers"" often veers into saccharine idealism, Bromwell High thrives on its unflinching, darkly humorous take on underfunded classrooms, disengaged administrators, and student antics—all of which resonate deeply with my own experiences. Its absurdity feels truer to the trenches of education than any sanitized, feel-good portrayal ever could.  

**Combined Label:** 1 (Positive)  
**Explanation:** The second piece reinforces the positive sentiment by emphasizing Bromwell High’s authentic satire, contrasting it with ""Teachers,"" and grounding praise in the author’s professional experience, aligning seamlessly with the first piece’s tone and intent.",0.11,0.36,0.47,0.54,No
"Well, when before I saw this film I really wasn't sure whether it would be my cup of tea...how wrong I was! I thought that this was one of the best films I've watched for a very long time, a real family classic. The story of a young evacuee and his new 'foster' dad, this film ticks all the boxes. I've not read the book (maybe that's a good thing & meant I enjoyed the film more) but with regards to the story, I really can't think of any bad points, hence scoring it 10 out of 10 (and I hardly ever think anything warrants top marks!). By the time William proclaimed 'I CAN RIDE MY BIKE, DAD!' I was sobbing my heart out (anyone who's seen it will understand, I'm sure). Really heartwarming, and definitely recommended.",1 (Positive),"Well, when before I saw this film I really wasn't sure whether it would be my cup of tea...how wrong I was! I thought that this was one of the best films I've watched for a very long time, a real family classic. The story of a young evacuee and his new 'foster' dad, this film ticks all the boxes.","I've not read the book (maybe that's a good thing & meant I enjoyed the film more) but with regards to the story, I really can't think of any bad points, hence scoring it 10 out of 10 (and I hardly ever think anything warrants top marks!). By the time William proclaimed 'I CAN RIDE MY BIKE, DAD!' I was sobbing my heart out (anyone who's seen it will understand, I'm sure). Really heartwarming, and definitely recommended.",,,"SECOND PIECE:  
The chemistry between the two leads was fantastic and there were some great acting performances. It's funny in places, sad in others, and will leave you with a tear in your eye at the end. A film that can be watched again and again. Highly recommended!  

This completion maintains the original structure, tone, and specific elements (acting, emotional range, rewatchability, recommendation) observed in positive IMDB reviews, aligning with the dataset's style.","SECOND PIECE:  
The chemistry between the two leads is heartwarming, blending humor and heartfelt moments seamlessly. The cinematography captures the era beautifully, adding depth to their evolving bond. What truly shines is how the script balances tenderness with resilience, celebrating small victories and quiet courage. I laughed, I cried, and by the end, I felt genuinely uplifted. It’s a touching reminder of how unexpected connections can change lives—perfect for all ages. Don’t miss this gem; it’s storytelling at its most sincere and life-affirming!  

**Combined Review (Label: 1 - Positive):**  
Well, when before I saw this film I really wasn't sure whether it would be my cup of tea...how wrong I was! I thought that this was one of the best films I've watched for a very long time, a real family classic. The story of a young evacuee and his new 'foster' dad, this film ticks all the boxes. The chemistry between the two leads is heartwarming, blending humor and heartfelt moments seamlessly. The cinematography captures the era beautifully, adding depth to their evolving bond. What truly shines is how the script balances tenderness with resilience, celebrating small victories and quiet courage. I laughed, I cried, and by the end, I felt genuinely uplifted. It’s a touching reminder of how unexpected connections can change lives—perfect for all ages. Don’t miss this gem; it’s storytelling at its most sincere and life-affirming!",0.12,0.12,0.56,0.52,No
"There have been a lot of Zorro films made over the decades, but it's a shame that one of the best is probably one of the least seen. Zorro's Fighting Legion is a bit different from other Zorro films. First off, it's a Republic serial in 12 chapters. And this time, Zorro is not played by a top studio star like Douglas Fairbanks, Tyrone Power or Antonio Banderas but instead by workman-like actor Reed Hadley. While Hadley does not cast as strong a presence over the proceedings as those other, he does an adequate job, helped by the fact that he is not the sole hero here; as the title implies, he has a fighting legion to call upon. Another big difference is that the setting isn't California. The story here take place in central Mexico in 1824 where a man posing as a living god incites the indigenous Indian population and a band of outlaws to aid him in his plan to overthrow the newly established Mexican Republic. Something, Zorro, and a handful of followers plan to do anything they can to stop. Don't get me wrong, there is at least one incredibly cheesy moment per episode, from corny ""twang"" bow sound effects to ludicrous acting. But overall, this represents one of the best Republic serials of all time, and probably the best Zorro one. The plot is stronger than most serials and never becomes incomprehensible or meandering., and there's lots of great action - fans of the Indiana Jones movies will notice MANY bits borrowed from this serial.",1 (Positive),"There have been a lot of Zorro films made over the decades, but it's a shame that one of the best is probably one of the least seen. Zorro's Fighting Legion is a bit different from other Zorro films. First off, it's a Republic serial in 12 chapters. And this time, Zorro is not played by a top studio star like Douglas Fairbanks, Tyrone Power or Antonio Banderas but instead by workman-like actor Reed Hadley. While Hadley does not cast as strong a presence over the proceedings as those other, he does an adequate job, helped by the fact that he is not the sole hero here; as the title implies, he has a fighting legion to call upon. Another big difference is that the setting isn't California. The story here take place in central Mexico in 1824 where a man posing as a living god incites the indigenous Indian population and a band of outlaws to aid him in his plan to overthrow the newly established Mexican Republic. ","Something, Zorro, and a handful of followers plan to do anything they can to stop. Don't get me wrong, there is at least one incredibly cheesy moment per episode, from corny ""twang"" bow sound effects to ludicrous acting. But overall, this represents one of the best Republic serials of all time, and probably the best Zorro one. The plot is stronger than most serials and never becomes incomprehensible or meandering., and there's lots of great action - fans of the Indiana Jones movies will notice MANY bits borrowed from this serial.",,,"The story centers around the efforts of Don Diego/Zorro and his legion to stop this madman. The serial's plot is well constructed, with plenty of action and intrigue as Zorro and his men attempt to uncover the identity of the mysterious ""Don del Oro"" and thwart his schemes. The use of a masked villain (whose identity is naturally kept secret until the final chapter) and the inclusion of treacherous allies and double-crosses keeps things engaging. The action sequences are fast-paced and inventive, with Republic’s trademark stunts and horse chases. While some stock footage is reused (typical for serials), the pacing remains brisk across the 12 chapters. Director William Witney and John English, masters of the serial form, keep the visuals dynamic despite the budget constraints. The Mexican setting adds freshness, and the emphasis on teamwork (rather than a lone hero) gives the story a unique flavor. While not as polished as big-studio Zorro tales, this serial’s energetic storytelling and cliffhanger thrills make it a standout. Fans of classic adventure will find it **well worth seeking out**.","SECOND PIECE:  
What truly elevates *Zorro’s Fighting Legion* is its dynamic storytelling and inventive serialized structure. Each chapter builds momentum with thrilling action set pieces—from horseback chases to expertly staged swordfights—while weaving a politically charged narrative about unity against tyranny. The “fighting legion” itself adds depth, showcasing Zorro not as a lone vigilante but as a strategic leader rallying diverse allies, which refreshingly emphasizes collective heroism over individual glory. Republic Pictures’ signature high-energy direction shines, using rugged Mexican landscapes and shadowy hideouts to heighten tension. Though low-budget, the serial’s creativity in pacing and cliffhangers rivals big-screen Zorro adventures, offering a nuanced critique of colonialism rarely seen in mainstream entries. Its rarity today is a disservice to its legacy; this is Zorro at his most revolutionary—both in story and spirit.",0.1,0.15,0.56,0.62,No
"Xizao, is the tale about the clash of modern life and ancient traditions, and its effects on a family in China. Da Ming (Quanxiu Pu), is a businessman who returns home when a letter sent by his brother Er Ming (Wu Jiang) makes him believe that his father Liu (Xu Zhu), has died. He founds that his father is still alive, as well as his old neighborhood and his father old business, the public bathroom. The movie centers around Da Ming's family, and how he has to learn the importance of his father's job, something he always had considered an old tradition that had to die soon. Also, the movie explores his relationship with Er Ming, who is mentally challenged, and the problems of the small community and how the bathroom is a place that purifies not only their bodies, but also their souls. The two main themes of the movie, the family and the problems of progress, are incredibly well handled, and the movie never loses the point it is trying to make, both themes are very good developed and we get a glimpse of Chinese society and customs. The director, Yang Zhang, tells his tale in a simple way, letting the characters characters do the job. It is a very simple approach, but it fits the movie perfectly, and I highly doubt that another style would fit the movie this good. Zhang has enormous potential, as he can tell a story without the aid of visual flare or camera tricks. The acting is outstanding in its naturalistic approach, everyone acts in a very natural way and it almost looks as if they were real persons being filmed. The three lead characters give remarkable performances, and Wu Jiang as Er Ming surely steals the show. Even when the movie could had sticked to a patronizing ""old days were much better"" message, instead it takes an attitude of equilibrium, like saying that progress is good, and we must move on, but we must not forget where we came from, and keep an equilibrium between modern life and the traditions of old. An awesome, and touching film. 8/10",1 (Positive),"""Xizao"", is the tale about the clash of modern life and ancient traditions, and its effects on a family in China. Da Ming (Quanxiu Pu), is a businessman who returns home when a letter sent by his brother Er Ming (Wu Jiang) makes him believe that his father Liu (Xu Zhu), has died. He founds that his father is still alive, as well as his old neighborhood and his father old business, the public bathroom. The movie centers around Da Ming's family, and how he has to learn the importance of his father's job, something he always had considered an old tradition that had to die soon. Also, the movie explores his relationship with Er Ming, who is mentally challenged, and the problems of the small community and how the bathroom is a place that purifies not only their bodies, but also their souls. The two main themes of the movie, the family and the problems of progress, are incredibly well handled, and the movie never loses the point it is trying to make, both themes are very good developed and we get a glimpse of Chinese society and customs. The director, Yang Zhang, tells his tale in a simple way, letting the characters characters do the job. It is a very simple approach, but it fits the movie perfectly, and I highly doubt that another style would fit the movie this good.","Zhang has enormous potential, as he can tell a story without the aid of visual flare or camera tricks. The acting is outstanding in its naturalistic approach, everyone acts in a very natural way and it almost looks as if they were real persons being filmed. The three lead characters give remarkable performances, and Wu Jiang as Er Ming surely steals the show. Even when the movie could had sticked to a patronizing ""old days were much better"" message, instead it takes an attitude of equilibrium, like saying that progress is good, and we must move on, but we must not forget where we came from, and keep an equilibrium between modern life and the traditions of old. An awesome, and touching film. 8/10",,,"The acting is very good. Quanxiu Pu is perfect as Da Ming, the son who has to confront his own prejudices and learn about the value of his father's work. Xu Zhu is wonderful as the old man who carries the weight of tradition and love for his community with quiet dignity. Wu Jiang also gives a heartfelt performance as Er Ming, avoiding overacting and portraying his character’s innocence and loyalty with subtlety. The cinematography is simple but effective, capturing the gritty realism of the neighborhood and the warmth of its inhabitants. The score, though understated, complements the emotional beats of the story without overwhelming them. ""Xizao"" is a moving, thoughtful film that balances humor and drama beautifully. It’s a testament to the resilience of tradition and the complexities of familial bonds in a changing world. Highly recommended for those seeking a poignant, humanistic story told with sincerity and grace.","SECOND PIECE:  
The performances are equally compelling, with Quanxiu Pu portraying Da Ming’s internal conflict—caught between urban ambition and familial duty—with subtle nuance. Xu Zhu embodies the quiet dignity of Liu, a man rooted in tradition, while Wu Jiang delivers a heartfelt performance as Er Ming, avoiding caricature to highlight the character’s emotional depth. Visually, the film’s muted palette and unpolished aesthetic mirror the fading traditions of the neighborhood, creating a poignant contrast with the sterile modernity encroaching beyond its walls. Though the pacing is deliberate, it mirrors the rhythm of daily life in the community, deepening the audience’s connection to its characters. Moments of humor and tenderness balance the weightier themes, ensuring the narrative never feels heavy-handed. By the end, *Xizao* leaves viewers with a lingering reflection on what is lost—and gained—in the march of progress, anchored by its humanity and authenticity. A testament to Zhang’s vision, the film is both intimate and universal, earning its place as a heartfelt ode to resilience, family, and the quiet rituals that bind us. A must-watch for those seeking cinema that resonates long after the credits roll.",0.12,0.16,0.84,0.84,No
"I found it highly interesting that the film actually managed to bridge the gap between my own american culture and that of the originators, i.e. chinese. It becomes a story about values, and causes the watcher to reevaluate their own choices in life, and loyalties toward institutions. Amazingly enough, it managed to do this in a gentle, mildly humorous manner, which only in retrospect seens threatening to one's status quo. I enjoyed the movie, and would watch it again if I could.",1 (Positive),"I found it highly interesting that the film actually managed to bridge the gap between my own american culture and that of the originators, i.e. chinese. It becomes a story about values, and causes the watcher to reevaluate their own choices in life, and loyalties toward institutions.","Amazingly enough, it managed to do this in a gentle, mildly humorous manner, which only in retrospect seens threatening to one's status quo. I enjoyed the movie, and would watch it again if I could.",,,"SECOND PIECE:  
The acting was understated, and yet powerful. The director is to be commended for creating such a thought-provoking piece of cinema. It is a testament to the power of film to transcend cultural barriers and speak to the shared human experience.","SECOND PIECE:  
The director’s nuanced portrayal of familial bonds and moral dilemmas transcends cultural barriers, offering a heartwarming yet thought-provoking experience. Stunning visuals and a haunting score amplify the emotional resonance, while the characters’ journeys—torn between tradition and modernity—feel universally relatable. By celebrating both differences and shared humanity, the film leaves you uplifted, reflecting not just on personal values but on how interconnected we truly are. A cinematic triumph that’s as entertaining as it is enlightening—this is a must-watch for anyone seeking depth and authenticity.  

**LABEL: 1 (Positive)**  

---  
This continuation reinforces the positive sentiment by highlighting technical excellence (visuals, score), thematic depth (tradition vs. modernity), and universal appeal. It ties back to the FIRST PIECE’s focus on cultural connection while expanding on emotional and artistic merits, ensuring coherence and a unified positive tone.",0.07,0.12,0.59,0.6,No
"It really boggles my mind when someone comes across a movie like this and claims it to be one of the worst slasher films out there. This is by far not one of the worst out there, still not a good movie, but not the worst nonetheless. Go see something like Death Nurse or Blood Lake and then come back to me and tell me if you think the Night Brings Charlie is the worst. The film has decent camera work and editing, which is way more than I can say for many more extremely obscure slasher films. The film doesn't deliver on the on-screen deaths, there's one death where you see his pruning saw rip into a neck, but all other deaths are hardly interesting. But the lack of on-screen graphic violence doesn't mean this isn't a slasher film, just a bad one. The film was obviously intended not to be taken too seriously. The film came in at the end of the second slasher cycle, so it certainly was a reflection on traditional slasher elements, done in a tongue in cheek way. For example, after a kill, Charlie goes to the town's 'welcome' sign and marks the population down one less. This is something that can only get a laugh. If you're into slasher films, definitely give this film a watch. It is slightly different than your usual slasher film with possibility of two killers, but not by much. The comedy of the movie is pretty much telling the audience to relax and not take the movie so god darn serious. You may forget the movie, you may remember it. I'll remember it because I love the name.",0 (Negative),"It really boggles my mind when someone comes across a movie like this and claims it to be one of the worst slasher films out there. This is by far not one of the worst out there, still not a good movie, but not the worst nonetheless. Go see something like Death Nurse or Blood Lake and then come back to me and tell me if you think the Night Brings Charlie is the worst. The film has decent camera work and editing, which is way more than I can say for many more extremely obscure slasher films. The film doesn't deliver on the on-screen deaths, there's one death where you see his pruning saw rip into a neck, but all other deaths are hardly interesting. But the lack of on-screen graphic violence doesn't mean this isn't a slasher film, just a bad one. The film was obviously intended not to be taken too seriously. The film came in at the end of the second slasher cycle, so it certainly was a reflection on traditional slasher elements, done in a tongue in cheek way.","For example, after a kill, Charlie goes to the town's 'welcome' sign and marks the population down one less. This is something that can only get a laugh. If you're into slasher films, definitely give this film a watch. It is slightly different than your usual slasher film with possibility of two killers, but not by much. The comedy of the movie is pretty much telling the audience to relax and not take the movie so god darn serious. You may forget the movie, you may remember it. I'll remember it because I love the name.",,,"SECOND PIECE:  
The acting is pretty bad all around, and the dialogue is laughable at times. Characters make nonsensical decisions, even by slasher standards, and the ""twist"" ending feels both rushed and entirely unearned. There’s an attempt at humor, but it falls flat more often than not, leaving the tone awkwardly disjointed. While it’s true that some far worse films exist in the genre, *The Night Brings Charlie* fails to rise above its low-budget constraints or inject enough creativity to be memorable. At best, it’s a forgettable footnote in the slasher cycle—hardly worth the time unless you’re a completist.","**SECOND PIECE:**  
However, even with its self-aware nods to genre tropes, *The Night Brings Charlie* fails to rise above its glaring flaws. The characters are thinly written, serving as little more than cannon fodder for the underwhelming kill scenes. While the camera work is competent, it’s undermined by a painfully dull script and dialogue that feels stilted, even by slasher standards. The attempts at humor come off as awkward rather than clever, stripping any charm the meta-commentary might’ve offered. Pacing drags in the middle, making the 80-minute runtime feel twice as long, and the finale is both predictable and anticlimactic. Even as a late-cycle entry, it lacks the campy fun or creativity needed to redeem its shortcomings. In the end, it’s a forgettable slog—not the worst, but a strong reminder that “better than *Death Nurse*” is a bar buried six feet underground.",0.13,0.15,0.63,0.62,No
"I am so happy and surprised that there is so much interest in this movie! Jack Frost was my introduction into the films produced and distributed by A-pix entertainment, and without exception, everything this company deals with is pure crap! First, and this is very important, never ever watch this movie sober! Why would you? Unlike many other entertaingly bad movies, this one I feel was made intentionally bad. I just can't get over how fake the snowman is, which is why its always shown only briefly, the way it moves is the best! This movie is Waaaaaaaaaaay better than the Michael Keaton piece of crap, becuz that was made too be a good movie, and that version is as bad as this.",0 (Negative),"I am so happy and surprised that there is so much interest in this movie! Jack Frost was my introduction into the films produced and distributed by A-pix entertainment, and without exception, everything this company deals with is pure crap! First, and this is very important, never ever watch this movie sober! Why would you? Unlike many other entertaingly bad movies, this one I feel was made intentionally bad.","I just can't get over how fake the snowman is, which is why its always shown only briefly, the way it moves is the best! This movie is Waaaaaaaaaaay better than the Michael Keaton piece of crap, becuz that was made too be a good movie, and that version is as bad as this.",,,"SECOND PIECE:  
The script is horrendous, the acting is unwatchable, the editing is non-existent, and the direction is appalling. If you must see this film, get a group of friends together, get completely hammered, and make fun of it. Otherwise, stay far, far away. This is truly one of the worst movies ever made.","SECOND PIECE:  
The forced ""so bad it's good"" vibe falls completely flat—there’s no charm, just lazy writing and bargain-bin special effects that look like they were edited in someone’s basement. Even the premise (a killer snowman? Seriously?) feels like a drunken dare rather than a real attempt at horror-comedy. A-Pix clearly didn’t care, and neither should you. Watching this feels like wasting 90 minutes of your life you’ll never get back, even with alcohol as a buffer. Stick to *actual* cult classics; this isn’t worth the ironic laughs.",0.1,0.18,0.53,0.52,No
"Oh, come on people give this film a break. The one thing I liked about it was......... Sorry, still thinking. Oh yeah!!!! When John Wayne came and shot up the the bad guys. Oh, sorry, wrong movie, I was thinking of a better quality film. Let me see now, I'm still trying to defend it. Oh yeah, the chick that was from Clueless was in it. Don't put down Stacy Dash. I mean, we all make mistakes. But boy, Stacy, you made a dooooosie. Hey, one thing that has never been done in a western, even an all female cast, they actually hung a woman from the gallows. That might be a western first. Even though her neck should have been broken and she survived the ordeal, still, you've got to give the director some effort for trying a western first. Also, I've never seen a woman lynched from a horse in any western, although that didn't happen in this movie, I just thought I would give the director another idea for Gang Of Roses#2, which should be made right after Ed Wood's Bride Of The Monster #2. Maybe that was what the makers of this film were going for. Orginality, especially with an all African woman cast and an oriental cowgirl. Heeey, if the makers of Gang Of Roses want to make a sequel to this mess, you could have such slang like, ""Hey, don't you be takin about my homegirls"" and ""talk to the hand, baby, talk to the hand."" You could also have a surfer dude type deputy marshal that says things like, ""That gunfight was TOTALLY RAD man, totally."" You know things like that.",0 (Negative),"Oh, come on people give this film a break. The one thing I liked about it was......... Sorry, still thinking. Oh yeah!!!! When John Wayne came and shot up the the bad guys. Oh, sorry, wrong movie, I was thinking of a better quality film. Let me see now, I'm still trying to defend it. Oh yeah, the chick that was from Clueless was in it. Don't put down Stacy Dash. I mean, we all make mistakes. But boy, Stacy, you made a dooooosie. Hey, one thing that has never been done in a western, even an all female cast, they actually hung a woman from the gallows. That might be a western first. Even though her neck should have been broken and she survived the ordeal, still, you've got to give the director some effort for trying a western first. Also, I've never seen a woman lynched from a horse in any western, although that didn't happen in this movie, I just thought I would give the director another idea for Gang Of Roses#2, which should be made right after Ed Wood's Bride Of The Monster #2. Maybe that was what the makers of this film were going for.","Orginality, especially with an all African woman cast and an oriental cowgirl. Heeey, if the makers of Gang Of Roses want to make a sequel to this mess, you could have such slang like, ""Hey, don't you be takin about my homegirls"" and ""talk to the hand, baby, talk to the hand."" You could also have a surfer dude type deputy marshal that says things like, ""That gunfight was TOTALLY RAD man, totally."" You know things like that.",,,"SECOND PIECE:  
After all, Ed Wood didn't have the luxury of color film or lighting. Then again, he didn't have the luxury of talent either. What an awful movie. I gave it a 1 for the horse that was in the movie. If there was a way to give it a 0 I would. The only way to sit through this movie is with a large bottle of whiskey and a gun to your head. Then again, even that might not help. To the makers of this film, I have one thing to say........... Bang!","**SECOND PIECE:**  
Speaking of sequels, if *Gang of Roses #2* ever limps into production, maybe they can focus on… oh, I don’t know, a script that doesn’t sound like it was written by a sleep-deprived parrot? The dialogue here was so cringeworthy, I’d rather listen to a dial-up modem screech for 90 minutes. “Draw your weapon!” “Make me!” — seriously, was the screenwriter juggling bourbon bottles while typing? And don’t get me started on the “action.” Watching paint dry has more suspense. The shootouts were choreographed like a toddler’s tea party, minus the intensity.  

But hey, at least the costumes tried! If by “tried” you mean raided from a community theater’s dumpster after a *Wild West* theme night. And the pacing? Slower than a horse with a existential crisis. By the time the “climactic” showdown rolled around, I’d already drafted my grocery list and a will.  

Honestly, the only thing more shocking than this film’s existence is that someone greenlit it without fleeing the country. If you’re desperate for a western, rewatch *Tombstone* or stare at a tumbleweed. This train wreck isn’t just bad—it’s a public service announcement to avoid cinema forever. Bravo, *Gang of Roses*. You’ve set the bar so low, it’s tripping over hell.",0.11,0.15,0.77,0.77,No
"I've always thought that Cinderella II was the worst movie I've ever seen, (followed by Peter Pan 2, and some other sequels like The Lion King 2 and the Hunchback of Notre Dame 2). All these movies are made with the same idea; because the movie has no plot, they try to make up for that by filling it with jokes. I'm not saying the jokes are bad, but they make up most of the movie. The first time I saw the movie, I would have given it a 1/10. But now I think about it, most kids don't care how good the original movie was, they just care that the movie is entertaining. I still think the movie was a bad sequel, but that doesn't mean it's horrible. Now I think it deserves a 3/10.",0 (Negative),"I've always thought that Cinderella II was the worst movie I've ever seen, (followed by Peter Pan 2, and some other sequels like The Lion King 2 and the Hunchback of Notre Dame 2). All these movies are made with the same idea; because the movie has no plot, they try to make up for that by filling it with jokes. ","I'm not saying the jokes are bad, but they make up most of the movie. The first time I saw the movie, I would have given it a 1/10. But now I think about it, most kids don't care how good the original movie was, they just care that the movie is entertaining. I still think the movie was a bad sequel, but that doesn't mean it's horrible. Now I think it deserves a 3/10.",,,"SECOND PIECE:  
But the problem is, these jokes are not funny. At all. The dialogues are so bad that you actually feel your brain cells dying. The characters are either extremely stupid or extremely annoying (or both), and the ""story"" (if you can even call it that) is just a bunch of random events thrown together. Avoid at all costs.","**SECOND PIECE:**  
However, even the humor falls painfully flat—forced one-liners and slapstick gags that feel recycled from better films. What’s worse, the characters lose all depth, becoming shallow versions of their original selves, trudging through predictable, cookie-cutter storylines. Take *The Lion King 2*, for instance, which reduces the original’s rich themes of legacy and identity into a bland Romeo-and-Juliet knockoff. These sequels reek of lazy cash grabs, stripping away the heart and artistry that made the classics timeless. Instead of honoring their predecessors, they tarnish their legacies with half-baked scripts and lifeless animation. Honestly, they’re not just bad follow-ups; they’re insulting to anyone who loved the originals.  

**CONNECTED PIECE (LABEL: 0):**  
I've always thought that *Cinderella II* was the worst movie I've ever seen, (followed by *Peter Pan 2*, and some other sequels like *The Lion King 2* and *The Hunchback of Notre Dame 2*). All these movies are made with the same idea; because the movie has no plot, they try to make up for that by filling it with jokes. However, even the humor falls painfully flat—forced one-liners and slapstick gags that feel recycled from better films. What’s worse, the characters lose all depth, becoming shallow versions of their original selves, trudging through predictable, cookie-cutter storylines. Take *The Lion King 2*, for instance, which reduces the original’s rich themes of legacy and identity into a bland Romeo-and-Juliet knockoff. These sequels reek of lazy cash grabs, stripping away the heart and artistry that made the classics timeless. Instead of honoring their predecessors, they tarnish their legacies with half-baked scripts and lifeless animation. Honestly, they’re not just bad follow-ups; they’re insulting to anyone who loved the originals.",0.09,0.14,0.59,0.61,No
"Madhur has given us a powerful movie Chandni Bar in the past. His next film Page 3 was one of the worst movies of all time. It apparently tells the story of some high class people in India. After seeing a scene where the man forces another man for sexual reasons to Star in a Movie. I felt like spitting and breaking the DVD. Coincidently i did. The reason why was the movie contains scenes of child pornography and molestation. I literally vomited and was shocked to see a movie showing naked children. Very disturbing stuff, there was no need to show the children fully naked. One of the rich guys likes to kidnap poor children and sell them to foreign people, British men in this movie. I am shocked to know this film was a Hit in parts of India, otherwise Super Flop in UK, USA and Australia. I'm from UK, and this kind of stuff makes me sick, shouldn't of been released in UK.",0 (Negative),Madhur has given us a powerful movie Chandni Bar in the past. His next film Page 3 was one of the worst movies of all time. It apparently tells the story of some high class people in India. After seeing a scene where the man forces another man for sexual reasons to Star in a Movie. I felt like spitting and breaking the DVD. Coincidently i did. The reason why was the movie contains scenes of child pornography and molestation. I literally vomited and was shocked to see a movie showing naked children.,"Very disturbing stuff, there was no need to show the children fully naked. One of the rich guys likes to kidnap poor children and sell them to foreign people, British men in this movie. I am shocked to know this film was a Hit in parts of India, otherwise Super Flop in UK, USA and Australia. I'm from UK, and this kind of stuff makes me sick, shouldn't of been released in UK.",,,"SECOND PIECE:  
Shame on you Madhur. You must have some mental problems. How can you even think of making such a disgusting film. This movie must be banned and print must be burned. If you ever make such a movie again, you should be arrested. I will make sure to spread the word to avoid this garbage. NEVER AGAIN.","SECOND PIECE:  
The director’s attempt to expose societal hypocrisy backfired grotesquely, drowning any message in exploitative voyeurism. Characters lacked depth, reduced to caricatures of depravity, while the script glorified abuse under the guise of ""realism."" Worse, the film’s defenders dismissed critics as prudish, ignoring how it traumatized audiences instead of sparking meaningful dialogue. Even the cinematography felt grimy, amplifying the sense of violation. Days later, the images haunted me—a testament to its irresponsible, unethical filmmaking. Madhur’s legacy now feels tainted; this wasn’t art, it was cruelty masked as commentary.",0.11,0.09,0.55,0.58,No
