text,label,first_piece,second_piece,generated_guided_completion,generated_general_completion
Oil and Economy Cloud Stocks' Outlook (Reuters) Reuters - Soaring crude prices plus worries about the economy and the outlook for earnings are expected to hang over the stock market next week during the depth of the summer doldrums.,2 (Business),Oil and Economy Cloud Stocks' Outlook (Reuters) Reuters - Soaring crude prices plus worries about the economy,and the outlook for earnings are expected to hang over the stock market next week during the depth of the summer doldrums.,"Okay, let's see. The user wants me to complete the second piece of an AG News dataset instance exactly as it appeared in the original. The first piece is given, and the label is Business (2). The first part starts with the headline: ""Oil and Economy Cloud Stocks' Outlook (Reuters) Reuters - Soaring crude prices plus worries about the economy"". The second piece needs to follow this exactly.

First, I need to recall the structure of AG News articles. They usually have a headline, source in parentheses, then the source again followed by the article body. The first piece ends with ""Soaring crude prices plus worries about the economy"". The next part should continue the article.

Since the original is from the dataset, I need to make sure the continuation matches exactly. The original article probably continues by discussing how these factors (oil prices and economic worries) are affecting the stock market. Maybe mentions the stock market's performance, specific indices like the Dow Jones, or investor sentiment.

I should check if there's a common structure here. The original might mention the stock market falling, or investors being cautious. Also, since the source is Reuters, the style should be formal and news-oriented.

Possible continuation: ""and the Federal Reserve's interest rate policy are making investors nervous, leading to a decline in stock markets. The Dow Jones Industrial Average fell X points..."" But I need to be precise. Wait, maybe the exact original text is something like ""and the Federal Reserve's interest rate policy are weighing on the market, analysts said. Stocks fell sharply on Friday, with the Dow Jones industrial average dropping over 100 points...""

But I need to get this exactly right. Since I can't look it up, I have to rely on common phrasing. The original might use ""weighing on the market"" and mention specific points or percentages. Also, the original might include a date, like ""Friday"" or a specific day. Alternatively, it could mention companies affected.

Wait, the first piece ends with ""Soaring crude prices plus worries about the economy"". The second piece would start the next part of the sentence. So maybe it's ""and the possibility of higher interest rates dragged down major indices this week, with the Dow closing lower for the third consecutive session."" But I'm not sure. Alternatively, ""have led to a bearish outlook among investors, prompting a sell-off in technology and energy sectors.""

Alternatively, the exact continuation could be:","**SECOND PIECE:**  
have heightened investor concerns, sparking volatility in equity markets. Analysts warn that sustained high energy costs could squeeze corporate profit margins, particularly in transportation and manufacturing sectors,"
Vandals damage bird reserve A disturbance free zone for nesting birds is put at risk by vandals who cut down the boundary fence.,3 (Sci/Tech),Vandals damage bird reserve A disturbance free zone for nesting,birds is put at risk by vandals who cut down the boundary fence.,"Okay, let's see. The user wants me to complete the second piece of an AG News dataset entry exactly as it appeared in the original. The first piece is ""Vandals damage bird reserve A disturbance free zone for nesting"" and the label is Sci/Tech (3). 

First, I need to recall the structure of AG News articles. They usually have a title and a body. The first piece seems like the title, split into two parts. The original might have the title as ""Vandals damage bird reserve A disturbance free zone for nesting birds destroyed"" or something similar. Wait, the first piece ends with ""nesting"", so the second piece probably starts with the next part of the title.

Wait, maybe the first piece is the beginning of the article. Let me think. AG News examples often have the title followed by the article body. For example, a sample might look like ""Title here. Article body here."" So if the first piece is the start of the title, the second piece would continue the title and then the article. But the user says the first piece is the first part of the instance, and the second piece is the rest. 

The original instance's first piece is given, and I need to complete the second exactly. Let me check possible AG News entries. Since the label is Sci/Tech, it's about a bird reserve being damaged. The title might be ""Vandals damage bird reserve"" and the body starts with ""A disturbance free zone for nesting..."". But the first piece provided is ""Vandals damage bird reserve A disturbance free zone for nesting"". Wait, that seems like the title and the start of the body. Maybe the original article's title is ""Vandals damage bird reserve"" and the body starts with ""A disturbance free zone for nesting birds has been destroyed by vandals..."" or something like that. 

Wait, the user's first piece is ""Vandals damage bird reserve A disturbance free zone for nesting"". So perhaps the title is ""Vandals damage bird reserve"" and the body starts with ""A disturbance free zone for nesting..."". But the first piece combines both? Maybe the original dataset entry has the title and the first part of the body separated by a space or a period. 

Alternatively, maybe the first piece is the entire title, and the second piece is the body. But the title in AG News is usually a short sentence. Let me think of","**SECOND PIECE:**  
birds sparks outcry. Conservationists report disrupted breeding cycles of endangered plovers, with nests abandoned due to noise and debris. Researchers now deploy AI-powered surveillance drones to monitor the site, citing a 40% drop in successful fledglings this season. ""Human interference undermines decades of habitat tech,"" said lead biologist Dr. Elena Marquez.  

**Merged Sci/Tech Instance:**  
Vandals damage bird reserve, a disturbance-free zone for nesting birds, sparking outcry. Conservationists report disrupted breeding cycles of endangered plovers, with nests abandoned due to noise and debris. Researchers now deploy AI-powered surveillance drones to monitor the site, citing a 40% drop in successful fledglings this season. ""Human interference undermines decades of habitat tech,"" said lead biologist Dr. Elena Marquez.  

**Rationale:** The second piece integrates technology (AI drones) and ecological science (breeding data, habitat tech) to address the vandalism’s impact, aligning with the Sci/Tech label while expanding on the first piece’s conflict."
"Hunt for XP SP2 flaws seen in full swing Security experts said that while the new Service Pack 2 for Windows XP will bolster the operating system's security, hackers will still find a way to exploit any flaws.",3 (Sci/Tech),Hunt for XP SP2 flaws seen in full swing Security experts said that while the new Service Pack 2 for,"Windows XP will bolster the operating system's security, hackers will still find a way to exploit any flaws.","SECOND PIECE:
Windows XP provides critical security enhancements, hackers and researchers are already picking apart the update for potential vulnerabilities and exploit code.","**SECOND PIECE:**  
Windows XP includes critical security updates, it has also introduced unforeseen vulnerabilities that hackers are actively exploiting. Researchers at cybersecurity firms like Symantec and Kaspersky have identified multiple zero-day exploits targeting SP2’s firewall configurations and memory management protocols. “While SP2 significantly improved baseline security, its complexity created new attack surfaces,” noted a Microsoft spokesperson, acknowledging ongoing efforts to patch flaws. One critical vulnerability allows remote code execution via malformed network packets, prompting urgent advisories for"
"Vietnam's Citadel Vulnerable to Weather (AP) AP - Experts from Europe and Asia surveyed 1,400-year-old relics of an ancient citadel in Hanoi Tuesday and said they were concerned the priceless antiquities were at risk from exposure to the elements.",3 (Sci/Tech),"Vietnam's Citadel Vulnerable to Weather (AP) AP - Experts from Europe and Asia surveyed 1,400-year-old relics of an ancient citadel in Hanoi Tuesday and said",they were concerned the priceless antiquities were at risk from exposure to the elements.,the site is vulnerable to weather and needs prompt protection measures.,"SECOND PIECE:  
the site faces severe threats from climate change and urban development. Using advanced LiDAR mapping and AI-driven climate models, researchers identified accelerated erosion from extreme rainfall and rising humidity. They proposed integrating nanotechnology-based coatings to protect stone carvings and deploying real-time moisture sensors. ""Blending cutting-edge science with traditional preservation is crucial,"" said Dr. Linh Nguyen, a UNESCO heritage engineer. The team also urged Hanoi officials to adopt predictive algorithms to mitigate flood risks, highlighting how tech innovation could safeguard"
Romanian Gymnasts Edge Ahead of U.S. Women  ATHENS (Reuters) - Daniela Sofronie displayed all her athleticism to edge Romania ahead of the United States in the  Olympic women's gymnastics team qualifying Sunday.,1 (Sports),Romanian Gymnasts Edge Ahead of U.S. Women  ATHENS (Reuters) - Daniela Sofronie displayed all her,athleticism to edge Romania ahead of the United States in the  Olympic women's gymnastics team qualifying Sunday.,"SECOND PIECE:  
grace and poise on the floor exercise Sunday to help Romania edge ahead of the United States in the women&#39;s gymnastics team competition at the Athens Olympics.","SECOND PIECE:  
grace and precision on the vault and uneven bars, securing a narrow lead for Romania in the women’s team gymnastics final Thursday. Sofronie’s 9.687 on the bars and a near-flawless vault (9.625) propelled Romania to a 0.213-point advantage over the Americans, who struggled with balance beam errors. U.S. star Carly Patterson rallied with a 9.725 floor routine, but Romania’s depth, including Alexandra Eremia’s clutch beam performance, sealed their gold-medal position. “We fought for every tenth of a point,” said Romanian coach Nicolae Forminte. The showdown sets up a tense all-around battle Friday, with"
Nikkei Falls Over 1 Pct on Oil Worries (Reuters) Reuters - Tokyo's Nikkei fell more than one percent by mid-morning on Monday as investors stepped up selling of exporters such as Toyota Motor Corp. amid growing fears of the impact of surging oil prices on the global economy.,2 (Business),Nikkei Falls Over 1 Pct on Oil Worries (Reuters) Reuters - Tokyo's Nikkei fell more than one percent by mid-morning on Monday as investors stepped up,selling of exporters such as Toyota Motor Corp. amid growing fears of the impact of surging oil prices on the global economy.,selling of exporters' shares such as Honda Motor Co. Ltd. and Sony Corp. on renewed worries about high oil prices and a weaker dollar.,"**SECOND PIECE:**  
selling in energy-sensitive sectors amid surging oil prices. Brent crude futures climbed above $90 a barrel overnight due to"
"Ontario delivers long-awaited gas-tax revenue to cash-strapped cities (Canadian Press) Canadian Press - MISSISSAUGA, Ont. (CP) - The Ontario government finally made good Friday on its long-awaited promise to start siphoning millions in gas-tax revenue to municipalities desperate to fix crumbling infrastructure and underfunded transit systems.",0 (World),"Ontario delivers long-awaited gas-tax revenue to cash-strapped cities (Canadian Press) Canadian Press - MISSISSAUGA, Ont. (CP) - The Ontario government finally made good Friday on its long-awaited promise",to start siphoning millions in gas-tax revenue to municipalities desperate to fix crumbling infrastructure and underfunded transit systems.,"SECOND PIECE:  
to share gas-tax revenues with cities, announcing it will hand over hundreds of millions of dollars to help fund public transit systems. Premier Dalton McGuinty said the province will","Okay, let me try to figure out how to complete the second piece so that together with the first piece, they form a single news article labeled under ""World"" with the label 0. 

First, I need to understand the existing first piece. The headline is about Ontario delivering gas-tax revenue to cities, which they've been waiting for. The first paragraph starts with the location (Mississauga, Ont.), mentions the Canadian Press as the source, and says the government made good on their promise on Friday.

Now, the task is to write the second piece that continues this story. Since the label is ""World"" (0), I need to make sure the content is appropriate for a world news category. However, Ontario is a province in Canada, so maybe the story has broader implications or is part of a larger trend that would make it relevant internationally. Alternatively, the label might be part of a classification system where 0 corresponds to World news, so even Canadian news could fall under that if it's significant enough.

Looking at the structure of news articles, the first paragraph usually gives the most important information: who, what, when, where, why. The subsequent paragraphs provide more details, quotes from officials, background information, and reactions.

The first piece ends with ""The Ontario government finally made good Friday on its long-awaited promise..."" So the second piece should start by completing that sentence. The original article probably continues with details about the gas-tax revenue, how much money is involved, which cities are affected, and maybe quotes from government officials or city representatives.

I should check for consistency in style. The first piece uses Canadian Press style, so the second should follow that. The location is Mississauga, so maybe the announcement was made there, perhaps by a specific official, like the Premier or a minister.

Possible elements to include in the second piece:
- Amount of money being delivered.
- How the funds will be used by the cities.
- Background on the promise (maybe it was delayed, hence ""long-awaited"").
- Quotes from officials (e.g., Premier Doug Ford or a city mayor).
- Impact on the cities' budgets or projects.
- Any political context or criticism if there was a delay.

Also, since the label is World, maybe the story has elements that connect to broader issues, like infrastructure funding, government fiscal policies, or responses to economic challenges, which could be of interest beyond Canada.

I need to make sure the"
"U.S. Limits Chinese Sock Imports U.S. imports of socks from China will be strictly limited next year, the Bush administration announced yesterday -- a decision that could herald similar action against other types of Chinese-made clothing that have the potential to dominate world markets.",2 (Business),"U.S. Limits Chinese Sock Imports U.S. imports of socks from China will be strictly limited next year, the Bush administration announced yesterday -- a decision that",could herald similar action against other types of Chinese-made clothing that have the potential to dominate world markets.,"SECOND PIECE:  
will cap imports of cotton, wool and man-made fiber socks from China at 5 percent above the amount imported a year ago. The decision, made under new ""safeguard"" provisions governing China's entry into the World Trade Organization, is meant to protect U.S. manufacturers from a surge in imports that has already cost hundreds of U.S. jobs.","**SECOND PIECE:**  
aims to shield domestic manufacturers from surging competition but risks escalating trade tensions. The move imposes ""safeguard"" quotas, capping annual growth of Chinese sock imports at 7.5%, following complaints from U.S. textile groups that a 300% import spike since 2001 has cost thousands of jobs. China criticized the restrictions as protectionist, warning of WTO challenges, while U.S. retailers warned of higher prices for consumers. The decision underscores growing friction over America’s $162 billion trade deficit with China, balancing political pressure from industries against free-trade commitments."
"Japan Seeks Iraq Hostage Release as Deadline Nears Japan sought international help on Thursday for a Japanese man held hostage in Iraq, with less than 24 hours to go for a deadline set by his captors to behead him unless Tokyo withdraws its troops.",2 (Business),Japan Seeks Iraq Hostage Release as Deadline Nears Japan sought international help on Thursday for a Japanese man held,"hostage in Iraq, with less than 24 hours to go for a deadline set by his captors to behead him unless Tokyo withdraws its troops.","Okay, let's see. The user wants me to complete the second piece of an AG News dataset entry exactly as it appeared in the original. The first piece is ""Japan Seeks Iraq Hostage Release as Deadline Nears Japan sought international help on Thursday for a Japanese man held"" and the label is Business (2). 

First, I need to recall the structure of AG News articles. They are typically headlines followed by the article body. The first piece seems to be the start of the headline and the beginning of the article. The headline is ""Japan Seeks Iraq Hostage Release as Deadline Nears"" and then the article starts with ""Japan sought international help on Thursday for a Japanese man held..."".

The task is to continue the second piece exactly as in the dataset. Since the user provided the first part, I need to figure out the exact continuation. But how? I don't have direct access to the dataset, so maybe I need to infer based on common news structures or possible real events. 

Wait, the original instruction says to rely on the original form from the dataset. But since I can't look it up, perhaps I should think of a plausible completion that matches the Business label. The label is Business, so the article should relate to business matters. However, the headline and first sentence mention a hostage situation in Iraq involving Japan. Hostage situations are usually under World or Politics categories. But the label here is Business. That's a bit confusing. Maybe the article ties the hostage situation to economic implications, like trade relations, business interests in Iraq, or impact on Japanese companies.

The first sentence mentions Japan seeking international help for a Japanese man held. The continuation might discuss the circumstances of his capture, perhaps related to his job in Iraq, maybe a businessman. So, the article could mention that he was working in Iraq on business, and Japan is negotiating for his release, which affects business relations or economic interests.

Possible continuation: ""...by militants in Iraq, where he was working for a private security firm. The government has been coordinating with Middle Eastern allies and business leaders to secure his release, emphasizing the importance of protecting overseas workers for Japan's economic interests.""

But I need to make sure this matches the original dataset. Since I can't check, I have to go with the most logical extension that fits the Business label. The key is to connect the hostage situation to business aspects, such as the man's role in a company, impact on Japanese businesses","**SECOND PIECE (Continued):**  
by militants demanding the withdrawal of Japanese firms from Iraq’s energy sector. The crisis has rattled Tokyo’s business interests in the region, with shares of major Japanese oil and engineering companies dipping amid fears of prolonged instability. Analysts warn that the standoff could jeopardize Japan’s $10 billion investment in Iraqi oil infrastructure, a cornerstone of its energy security strategy. “Resolving this swiftly is critical"
Taylor Charged With DUI Free safety Sean Taylor was arrested by Virginia State Police on Thursday and charged with driving under the influence of alcohol and refusing to take the alcohol breath test.,1 (Sports),Taylor Charged With DUI Free safety Sean Taylor was arrested by Virginia State Police on Thursday and charged,with driving under the influence of alcohol and refusing to take the alcohol breath test.,"SECOND PIECE:
with driving under the influence and refusing to submit to a breath test. Police said Taylor was stopped early Thursday after officers noticed he was driving erratically in Fairfax County. He was released on $1,500 bond.","**SECOND PIECE:**  
with driving under the influence after being stopped on Interstate 495 in Fairfax County. The Washington Redskins star, a 2006 Pro Bowl selection, was also cited for driving on a suspended license. Team officials released a statement acknowledging the incident, stating they are ""aware of the situation and gathering further details."" Taylor, known for his hard-hitting style and 10 interceptions over the past two seasons, faces a court hearing next month. The NFL confirmed it will review the case under its personal conduct policy, potentially leading to fines or suspension. This marks Taylor’s second legal issue in"
