sentence1,sentence2,label,generated_guided_completion,generated_general_completion
"Only a week after it had no comment on upping the storage capacity of its Hotmail e-mail service, Microsoft early Thursday announced it was boosting the allowance to 250MB to follow similar moves by rivals such as Google, Yahoo, and Lycos.",Microsoft's Hotmail has raised its storage capacity to 250MB.,1 (entailment),"Okay, let's see. I need to figure out what SENTENCE 2 should be based on the given SENTENCE 1 and the label, which is entailment. The user mentioned that SENTENCE 2 must exactly match the dataset, so I can't just make something up; I need to recall or deduce the correct SENTENCE 2 from the RTE dataset.

First, let's understand the task. The RTE (Recognizing Textual Entailment) dataset typically has pairs of sentences where the second sentence either entails or contradicts the first, or is neutral. The label here is 1, which means entailment. So SENTENCE 2 should be a sentence that is entailed by SENTENCE 1.

Looking at SENTENCE 1: It says that Microsoft announced increasing Hotmail's storage to 250MB a week after having no comment, following similar moves by competitors like Google, Yahoo, and Lycos.

For entailment, SENTENCE 2 should be a statement that is directly supported by SENTENCE 1. Common entailment examples might restate part of the information. Maybe SENTENCE 2 is something like ""Microsoft increased the storage capacity of its Hotmail service to 250MB."" That seems to capture the main action without the details about the timing or competitors, which would be entailed by the original sentence.

Wait, but I need to be precise. Let me think. The original sentence mentions that Microsoft announced the boost early Thursday. So the exact action is the announcement of the increase. The entailment could be that Microsoft did increase the storage, but the original sentence says they announced it. However, in some contexts, announcing an increase can entail that the increase is happening. Alternatively, maybe SENTENCE 2 is ""Microsoft boosted the storage allowance of its Hotmail e-mail service to 250MB."" That uses similar wording.

Alternatively, perhaps SENTENCE 2 is ""Microsoft announced an increase in Hotmail's storage capacity to 250MB."" That would directly match the action mentioned in SENTENCE 1. Since the label is entailment, SENTENCE 2 should be a direct consequence or restatement of part of SENTENCE 1.

I need to make sure that the exact wording matches the dataset. Since I don't have the dataset in front of me, I have to rely on common structures in RTE examples. Often,","SENTENCE 2:  
Microsoft increased its Hotmail email storage to 250MB, aligning with competitors like Google and Yahoo, after initially remaining silent"
"Although they were born on different planets, Oscar-winning actor Nicolas Cage's new son and Superman have something in common - both were named Kal-el.",Nicolas Cage's son is called Kal-el.,1 (entailment),"Okay, let's see. I need to figure out the correct SENTENCE 2 that exactly matches the dataset for this RTE example. The given SENTENCE 1 is about Nicolas Cage's son and Superman both being named Kal-el, and the label is entailment, which means SENTENCE 2 should be a statement that is necessarily true if SENTENCE 1 is true.

First, I'll recall that in the Recognizing Textual Entailment (RTE) task, the goal is to determine if the hypothesis (SENTENCE 2) can be inferred from the premise (SENTENCE 1). Since the label here is 1 (entailment), SENTENCE 2 must be a direct conclusion from SENTENCE 1.

Looking at SENTENCE 1: It states that Nicolas Cage's son and Superman share the name Kal-el. The key points here are the shared name and the individuals involved. The most straightforward entailment would be a statement that directly asserts that both have the same name. So SENTENCE 2 should probably say something like ""Nicolas Cage's son and Superman share the name Kal-el"" or ""Both Nicolas Cage's son and Superman are named Kal-el.""

I need to make sure that the exact wording from the dataset is used. Since the user mentioned that SENTENCE 2 must exactly match the dataset, I can't paraphrase; it has to be the original. From what I remember, in some RTE examples, the hypothesis might be a more concise version. For example, if SENTENCE 1 is a longer explanation, SENTENCE 2 might be a shorter statement of the fact.

Another angle: The label is entailment, so SENTENCE 2 can't introduce new information not in SENTENCE 1. It has to be a direct inference. The original SENTENCE 1 mentions that both were named Kal-el, so SENTENCE 2 would likely restate that fact. Maybe ""Superman and Nicolas Cage's son are both named Kal-el."" But the exact order of names might matter. Let me think about the structure. The original SENTENCE 1 starts with ""Although they were born on different planets..."" so the main clause is ""Oscar-winning actor Nicolas Cage's new son and Superman have something in common - both were named Kal-el."" So the key part is the shared name. Therefore, SENT","SENTENCE 2:  
**Nicolas Cage's new son shares the same name as Superman, Kal-el.**  

This directly follows from"
"Sharon sent dismissal letters to Benny Elon and Avigdor Lieberman, who oppose his withdrawal plan, on Friday.","On Friday, Sharon fired Benny Elon and Avigdor Lieberman.",1 (entailment),"Okay, let's see. I need to figure out the correct SENTENCE 2 that exactly matches the RTE dataset for the given SENTENCE 1 and label 1 (entailment). 

First, the user provided SENTENCE 1: ""Sharon sent dismissal letters to Benny Elon and Avigdor Lieberman, who oppose his withdrawal plan, on Friday."" The label is entailment, which means that SENTENCE 2 must be a statement that is definitely true if SENTENCE 1 is true.

So, the task is to complete SENTENCE 2 such that it's entailed by SENTENCE 1. Since the label is entailment, SENTENCE 2 should be a direct consequence or a rephrasing of some part of SENTENCE 1. 

Looking at SENTENCE 1, the key points are:
- Sharon sent dismissal letters.
- The recipients are Benny Elon and Avigdor Lieberman.
- These individuals oppose his withdrawal plan.
- The action happened on Friday.

To form SENTENCE 2, I need to extract a fact that is clearly stated in SENTENCE 1. A common entailment would be to state that the recipients (Benny Elon and Avigdor Lieberman) were dismissed. Since the letters are dismissal letters, sending them would entail that the recipients were dismissed. 

So, SENTENCE 2 could be: ""Benny Elon and Avigdor Lieberman were dismissed."" But I need to check if the original dataset uses ""were dismissed"" or perhaps ""received dismissal letters"". Wait, the original SENTENCE 1 says ""sent dismissal letters"", which might imply that the dismissal is in process, but the label is entailment, so the dataset's SENTENCE 2 must be a direct entailment. 

Alternatively, maybe the dataset's SENTENCE 2 is ""Benny Elon and Avigdor Lieberman oppose Sharon's withdrawal plan."" But wait, the label is entailment. If SENTENCE 1 states that they oppose his (Sharon's) plan, then SENTENCE 2 stating that they oppose Sharon's plan would be entailment. However, the user's example shows that the label is 1 (entailment), so the correct SENTENCE 2 must be the one that is directly supported by SENTENCE 1. 

Wait, let me think again.","Okay, let's see. I need to finish SENTENCE 2 based on SENTENCE 1, and the label is entailment. Entailment means that SENTENCE 2 must be a logical consequence of SENTENCE 1. So, SENTENCE 2 should be something that is definitely true if SENTENCE 1 is true.

Looking at SENTENCE 1: Sharon sent dismissal letters to Benny Elon and Avigdor Lieberman, who oppose his withdrawal plan, on Friday.

So, the key points here are that Sharon sent dismissal letters to two people (Benny Elon and Avigdor Lieberman) because they oppose his withdrawal plan, and this happened on Friday.

For entailment, SENTENCE 2 should state a fact that is directly supported by SENTENCE 1. Possible options could be that Benny Elon and Avigdor Lieberman received dismissal letters, or that Sharon took action against opponents of his plan. The date is Friday, so maybe mentioning the time as well.

I need to make sure that SENTENCE 2 doesn't add new information not in SENTENCE 1. It should just rephrase or state a direct consequence. Let me check: SENTENCE 1 says the letters were sent on Friday, so SENTENCE 2 could say that the letters were sent on that day. Also, the reason is their opposition, so maybe stating that they were dismissed because of their opposition. But wait, does SENTENCE 1 explicitly say they were dismissed, or just that dismissal letters were sent? Sending a dismissal letter typically implies dismissal, but maybe the exact wording is important.

Alternatively, SENTENCE 2 could be ""Benny Elon and Avigdor Lieberman received dismissal letters from Sharon on Friday."" That's entailed because if Sharon sent them, then they received them. But maybe the label is 1 for entailment, so that's correct. Another option: ""Sharon dismissed Benny Elon and Avigdor Lieberman on Friday due to their opposition to his withdrawal plan."" But does SENTENCE 1 say they were dismissed, or that dismissal letters were sent? Sending a dismissal letter is part of the dismissal process, so maybe that's entailed. However, perhaps the exact wording should stick closer to the original.

Alternatively, ""Benny Elon and Avigdor Lieberman, opponents of Sharon's withdrawal plan, were sent"
Britain agreed to lift by March 31 a 150-mile military protection zone enforced around the islands since Argentina invaded them in 1982.,The military protection zone around Falklands was lifted.,1 (entailment),"Okay, let's see. The user provided SENTENCE 1 from the RTE dataset and wants me to complete SENTENCE 2 exactly as it appears in the dataset. The label is entailment (1), so SENTENCE 2 should be entailed by SENTENCE 1.

First, I need to understand SENTENCE 1. It says that Britain agreed to remove a 150-mile military protection zone around the islands by March 31. This zone was put in place after Argentina invaded the islands in 1982. The key points here are the agreement to lift the zone by a specific date and the historical context of the 1982 invasion.

Since the label is entailment, SENTENCE 2 must be a statement that is logically entailed by SENTENCE 1. Entailment means that if SENTENCE 1 is true, SENTENCE 2 must also be true. So I need to think of a statement that directly follows from the information given in SENTENCE 1.

Looking at SENTENCE 1, the main action is Britain agreeing to lift the protection zone. The reason for the zone was the 1982 invasion by Argentina. Therefore, a possible SENTENCE 2 could be stating that the protection zone was established because of the invasion. That would make sense as an entailment because SENTENCE 1 mentions both the invasion and the enforcement of the zone.

Wait, the original SENTENCE 1 says ""enforced around the islands since Argentina invaded them in 1982."" So the zone has been in place since the invasion. Therefore, SENTENCE 2 would need to capture that causal relationship. The correct SENTENCE 2 from the dataset is likely: ""Argentina invaded the islands in 1982."" But wait, that's just a fact from SENTENCE 1. However, since the label is entailment, maybe SENTENCE 2 is a more specific statement that is supported by SENTENCE 1. Alternatively, perhaps SENTENCE 2 is ""Britain had established a military protection zone around the islands after Argentina's 1982 invasion."" But I need to recall the exact wording from the RTE dataset.

Alternatively, maybe SENTENCE 2 is ""The military protection zone was established because Argentina invaded the islands in 1982."" That would be entailed by SENTENCE 1. But I need to","SENTENCE 2:  
**""The military protection zone around the islands had been established by Britain after Argentina's"
"On Tuesday, October 7, 2003, Arnold Schwarzenegger was elected Governor of California.",Arnold Schwarzenegger was elected Governor of California.,1 (entailment),"Okay, let's see. I need to figure out what SENTENCE 2 is based on the given information. The user provided SENTENCE 1: ""On Tuesday, October 7, 2003, Arnold Schwarzenegger was elected Governor of California."" The label is 1, which means entailment. So SENTENCE 2 should be a sentence that is entailed by SENTENCE 1.

Entailment means that if SENTENCE 1 is true, then SENTENCE 2 must also be true. So SENTENCE 2 is a statement that is directly supported by SENTENCE 1. Let me think about what facts are presented in SENTENCE 1. The main points are the date (October 7, 2003), the event (Arnold Schwarzenegger was elected Governor of California), and the location (California).

Possible SENTENCE 2 could be a rephrasing or a specific fact derived from SENTENCE 1. For example, it might state that Arnold Schwarzenegger became the Governor of California, or that he won an election on that date. Since the label is entailment, SENTENCE 2 can't introduce new information not in SENTENCE 1. It has to be something that must be true if SENTENCE 1 is true.

Looking at common RTE examples, sometimes SENTENCE 2 is a shorter version or a conclusion. For instance, if SENTENCE 1 says someone was elected, SENTENCE 2 might say that person became the governor. So maybe SENTENCE 2 is ""Arnold Schwarzenegger became California's governor."" But I need to make sure it's exactly as in the dataset.

Wait, the exact wording might be important. The original SENTENCE 1 mentions ""elected Governor of California,"" so SENTENCE 2 could be ""Arnold Schwarzenegger was elected Governor of California."" But that's the same as SENTENCE 1. However, in RTE tasks, sometimes SENTENCE 2 is a slightly different phrasing. Alternatively, maybe it's a more general statement like ""Arnold Schwarzenegger held a political office in California.""

But given the date is included in SENTENCE 1, perhaps SENTENCE 2 omits the date. Let me check. The user says SENTENCE 2","Okay, let's see. I need to finish SENTENCE 2 based on SENTENCE 1, and the label is entailment. Entailment means that SENTENCE 2 must be a logical consequence of SENTENCE 1. So SENTENCE 2 should be something that is definitely true if SENTENCE 1 is true.

SENTENCE 1 says that Arnold Schwarzenegger was elected Governor of California on October 7, 2003. So, what's a direct result of being elected? Well, usually when someone is elected, they take office. But the exact date of taking office might not be the same as the election date. However, maybe the key point here is that being elected means he became the governor. So perhaps SENTENCE 2 could state that he became the governor on that date.

Wait, but sometimes there's a gap between election and taking office. For example, in the US, presidents are elected in November but take office in January. But I'm not sure about California's governor elections. Let me think. The election date is October 7, 2003. I recall that Schwarzenegger was part of a special recall election, and he took office shortly after being elected. So maybe he was sworn in right after the election. But even if there's a delay, the entailment here is that being elected means he became the governor, regardless of the exact date of taking office. So SENTENCE 2 could be ""Arnold Schwarzenegger became the Governor of California on October 7, 2003."" That would be entailed by the election, because being elected typically results in taking the position. Alternatively, maybe ""Arnold Schwarzenegger started his term as Governor of California on October 7, 2003."" But I need to check if the election date and the start of the term are the same. If they are not, then that might not be entailed. But the label is entailment, so the correct answer should be a direct consequence. So the safest bet is to state that he became governor as a result of the election. Therefore, SENTENCE 2: ""Arnold Schwarzenegger became the Governor of California on October 7, 2003."" That's a direct entailment because being elected usually leads to assuming the office, even if the exact date of taking office is later. But"
"Jacques Santer succeeded Jacques Delors as president of the European Commission in 1995, the second Luxembourger to hold this high office.",Jacques Delors succeeded Jacques Santer in the presidency of the European Commission.,0 (not entailment),"SENTENCE 2:
Jacques Delors was the first Luxembourger to hold the office of president of the European Commission.

This sentence contradicts SENTENCE 1 (which states Santer was the second Luxembourger, implying Delors was not Luxembourger), resulting in a ""not entailment"" (0) relationship.","Okay, let's see. I need to finish SENTENCE 2 based on SENTENCE 1, and the label is 0, which means not entailment. So SENTENCE 2 shouldn't logically follow from SENTENCE 1.

First, let me understand SENTENCE 1. It says Jacques Santer succeeded Jacques Delors as president of the European Commission in 1995, and he was the second Luxembourger in that role. So the key points are succession in 1995, and Santer being the second from Luxembourg.

Now, for SENTENCE 2, since the label is not entailment, it should present a statement that isn't necessarily true based on SENTENCE 1. Maybe a contradiction or something unrelated. But it has to be a coherent sentence that's a plausible follow-up but doesn't logically follow.

Wait, but the instruction says to finish SENTENCE 2 based on SENTENCE 1. So maybe SENTENCE 2 starts with something, and I need to complete it. Wait, the user provided SENTENCE 1 and the label, and wants me to write SENTENCE 2 such that the label (not entailment) holds. So SENTENCE 2 should be a sentence that isn't entailed by SENTENCE 1.

So possible approaches: introduce a fact that isn't mentioned in SENTENCE 1, or a contradiction. For example, SENTENCE 1 says Santer was the second Luxembourger. So if SENTENCE 2 says he was the first, that's a contradiction. But maybe that's too direct. Alternatively, mention something unrelated, like his policies or other positions he held, but that might not necessarily contradict. Wait, but the label is not entailment, which includes contradiction and neutral. So in NLI terms, label 0 is not entailment, which could be contradiction or neutral. But the user just says label 0, so maybe it's part of a three-class system where 0 is contradiction, 1 is entailment, and 2 is neutral? Or maybe it's binary. The user didn't specify, but the example label is 0 (not entailment). So SENTENCE 2 should not be entailed by SENTENCE 1. So it could be either contradictory or neutral.

But the task is to finish SENTENCE 2 such"
"The Jurassic Park Institute is an absolutely accurate way for kids to get excited about dinosaur science! Written by two noted paleontologists and illustrated in big bold colors, this kid-friendly nonfiction guide uses easy-to-understand text to describe at least 100 dinosaurs alphabetically.",Michael Crichton is the author of the book Jurassic Park.,0 (not entailment),"Okay, let's see. I need to complete SENTENCE 2 based on SENTENCE 1 from the RTE dataset, and the label is 0, which means there's no entailment. The user wants SENTENCE 2 to exactly match the original in the dataset.

First, I'll look at SENTENCE 1. It's about the Jurassic Park Institute being an accurate way for kids to get excited about dinosaur science. It mentions two paleontologists as authors, bold illustrations, and a guide listing 100 dinosaurs alphabetically. The label is 0, so SENTENCE 2 must contradict or not be entailed by SENTENCE 1.

The original SENTENCE 2 probably states something that isn't supported by SENTENCE 1. For example, maybe it says the book was written by a single author, or it's fiction, or it doesn't list 100 dinosaurs. Since the label is 0, SENTENCE 2 should be something that isn't true based on SENTENCE 1.

Looking at common RTE examples, contradictions often involve negating a detail. SENTENCE 1 says two paleontologists wrote it. So maybe SENTENCE 2 says it was written by one person. Or perhaps the number of dinosaurs is different. Let me think. The original SENTENCE 2 might be: ""The Jurassic Park Institute was written by a single author."" That would contradict the two authors mentioned, leading to label 0. Alternatively, maybe it's about the accuracy. But SENTENCE 1 says it's accurate, so SENTENCE 2 could say it's inaccurate. Wait, but the label is 0, which is not entailment. So if SENTENCE 1 says it's accurate, and SENTENCE 2 says it's not accurate, then the label would be 0 because SENTENCE 1 doesn't support SENTENCE 2. Wait, no. Wait, in RTE, the task is to determine if SENTENCE 1 entails SENTENCE 2. If SENTENCE 2 is the opposite, then there's no entailment. So for example, if SENTENCE 1 says ""it's accurate"" and SENTENCE 2 says ""it's inaccurate"", then SENTENCE 1 does not entail SENTENCE 2, hence label 0. But maybe the actual","Okay, let's see. I need to finish Sentence 2 based on Sentence 1, and the label is 0, which means not entailment. So, the relationship between the two sentences shouldn't be one where Sentence 2 is a logical consequence of Sentence 1. They should be related but not entailing each other.

First, I'll look at Sentence 1. It's about the Jurassic Park Institute being an accurate way for kids to get excited about dinosaur science. It's written by paleontologists, illustrated with bold colors, a kid-friendly guide with easy text describing 100 dinosaurs alphabetically.

So Sentence 2 should be a continuation, but not something that's directly implied by Sentence 1. Since the label is 0, they shouldn't contradict each other, but Sentence 2 shouldn't be something that must be true if Sentence 1 is true. Maybe adding a detail that's related but not necessarily entailed.

Sentence 1 mentions it's accurate, written by experts, illustrated, kid-friendly, and lists dinosaurs alphabetically. So possible directions for Sentence 2: maybe talk about activities, games, something interactive? But that's not entailed by the first sentence. Or perhaps a negative point that's not covered, but since the first is positive, maybe a different aspect.

Wait, the label is not entailment, so Sentence 2 can't be something that's necessarily true based on Sentence 1. For example, if Sentence 1 says it's accurate and kid-friendly, Sentence 2 could say ""However, some experts argue that the book oversimplifies complex paleontological concepts."" That would be a contradiction, but the label is 0, which is not entailment. Wait, but maybe not. Entailment would be if Sentence 2 must be true if Sentence 1 is. So if Sentence 2 is a contradiction, that's a different label, maybe contradiction. But the label here is 0, which in some datasets is neutral or not entailed. So perhaps Sentence 2 should be a related statement that isn't directly supported by Sentence 1.

Alternatively, maybe Sentence 2 introduces a new element that's not mentioned in Sentence 1. For example, talking about a website or a movie, but not something that's part of the book. But the first sentence is about the Jurassic Park Institute, which might be a book. So Sentence 2 could be ""The institute"
"In the year 538, Cyrus set in place a policy which demanded the return of the various gods to their proper places.",Cyrus issued a declaration in 538 that would allow the Jews to go back to their homeland.,0 (not entailment),"SENTENCE 2:
Cyrus did not allow the various gods","Okay, let's see. I need to finish SENTENCE 2 based on SENTENCE 1, and the label is 0, which means not entailment. So SENTENCE 2 shouldn't logically follow from SENTENCE 1.

First, let me understand SENTENCE 1. It says that in 538, Cyrus implemented a policy requiring the return of various gods to their proper places. So he's making sure that different gods are returned to where they belong, probably after they were moved or displaced.

Now, the label is 0, so SENTENCE 2 shouldn't be entailed by SENTENCE 1. That means SENTENCE 2 should either contradict SENTENCE 1 or present information that isn't necessarily true based on SENTENCE 1. Since it's not entailment, it could be neutral or contradictory.

I need to think of a SENTENCE 2 that's related but doesn't logically follow. Maybe something that's the opposite, or introduces a different element. For example, if SENTENCE 1 is about returning gods, SENTENCE 2 could say that he banned religious practices, which would contradict. Or maybe something unrelated but plausible, like focusing on economic policies instead. But it should still be a coherent continuation, not a random fact.

Wait, the example given in the problem might help. The user provided an example where SENTENCE 2 is ""However, many of the displaced deities were never restored to their original temples."" That uses ""However"" to indicate contrast, which makes sense for not entailment. So the correct approach is to create a contrast or present a conflicting outcome.

So, for this case, maybe SENTENCE 2 could state that despite the policy, the gods weren't returned, or that Cyrus actually did something opposite. Alternatively, maybe the policy had unintended consequences. Let me check the original example again. The example uses ""However"" to show that the expected result (deities being restored) didn't happen. That's a good model.

So applying that here: SENTENCE 1 says Cyrus demanded the return of gods. SENTENCE 2 could say that despite this, many gods remained displaced, or that the policy was ignored. That would make the label 0 because the outcome isn't entailed by the policy being in place. The key is to have a contradiction or a lack of logical consequence.

Another"
"Macedonia seems confident it can weather the storm, but some fear Athens may soon take things up a notch.",Greece and Macedonia are in dispute over name.,0 (not entailment),"SENTENCE 2:  
Macedonia is not confident it can weather the storm.  

This directly contradicts the confidence expressed in SENTENCE 1, creating a non-entailment relationship (LABEL: 0).","SENTENCE 2: Meanwhile, Greece has recently signed a trade agreement with Albania to boost regional cooperation.  

**Explanation**: The label ""0 (not entailment)"" indicates that SENTENCE 2 does not logically follow from SENTENCE 1. While SENTENCE 1 focuses on tensions between Macedonia and Athens (Greece), SENTENCE 2 introduces an unrelated action (Greece-Albania trade deal) that neither supports nor contradicts the original statement, ensuring"
"Witnesses allegedly hear and see documents being shredded all night long by Jorge Alvarez Aguirre and Rosario Piazza, two ex-Opel men who had followed their leader to VW.","People leaving GM with Lopez included Jose Gutierrez, Jorge Alvarez Aguirre, and Rosario Piazza.",0 (not entailment),"Okay, let's tackle this problem. The user provided SENTENCE 1 from the RTE dataset and wants me to complete SENTENCE 2 exactly as it appears in the dataset. The label is 0, which means there's no entailment between the two sentences.

First, I need to recall what the RTE dataset is about. RTE stands for Recognizing Textual Entailment, where the task is to determine if a hypothesis (SENTENCE 2) can be inferred from a premise (SENTENCE 1). A label of 0 indicates that the hypothesis is not entailed by the premise.

Looking at SENTENCE 1: It mentions that witnesses allegedly heard and saw documents being shredded all night by Jorge Alvarez Aguirre and Rosario Piazza, who are former Opel employees that followed their leader to VW.

To form SENTENCE 2, which should not be entailed, I need to think of a statement that contradicts or isn't supported by SENTENCE 1. The original SENTENCE 2 in the dataset would likely present a hypothesis that isn't true based on SENTENCE 1. For example, maybe the hypothesis claims that the documents were not shredded, or that different people were involved. But since the label is 0, the correct SENTENCE 2 should be something that isn't a logical conclusion from SENTENCE 1.

Wait, the user says SENTENCE 2 must exactly match the dataset. So I need to remember or figure out what the actual SENTENCE 2 was. Since I can't look it up, I have to rely on common examples. In RTE tasks, a typical non-entailment might involve a negation or a different subject/object. For instance, if SENTENCE 1 says they shredded documents, SENTENCE 2 might say they preserved the documents, leading to no entailment. Alternatively, it could involve a different action or actors.

But given the specific names and context here, maybe the original SENTENCE 2 states that the two men did not shred documents, which directly contradicts SENTENCE 1's claim. That would make the label 0 correct. Alternatively, it could involve a different company or time frame.

Wait, the original SENTENCE 1 says ""allegedly hear and see documents being shredded all night long by Jorge Alvarez Aguirre and Rosario Piazza, two ex","Okay, let's see. I need to finish SENTENCE 2 based on SENTENCE 1, and the label is 0, which means not entailment. So SENTENCE 2 shouldn't logically follow from SENTENCE 1.

First, let me understand SENTENCE 1. It says that witnesses allegedly heard and saw documents being shredded all night by Jorge Alvarez Aguirre and Rosario Piazza, who are ex-Opel employees that followed their leader to VW. The key points here are the shredding of documents by these two individuals, the time frame (all night), and their background.

Now, the label is not entailment, so SENTENCE 2 should present information that isn't a direct conclusion from SENTENCE 1. Maybe introduce a contradiction, a different subject, or an unrelated event. But it has to be a coherent continuation.

Possible approaches: Maybe the authorities found no evidence of shredded documents, which contradicts the witnesses' claims. Or perhaps the individuals were doing something else instead. Or maybe the documents were not actually shredded. Alternatively, introduce a different event that's unrelated but plausible.

Wait, the original sentence says ""allegedly,"" so the shredding is a claim. If SENTENCE 2 says that an investigation found no shredders in the building, that would contradict and thus not entail. Or maybe they were seen at a different location. Or the documents were preserved instead.

Let me check for contradictions. For example, if SENTENCE 1 says they shredded documents all night, SENTENCE 2 could state that security footage shows them not being present that night. That would make the label 0 because the two sentences contradict each other, hence no entailment.

Alternatively, maybe the documents were confidential, but SENTENCE 1 doesn't mention that. But that might be neutral. To ensure non-entailment, the second sentence should not be supported by the first. So perhaps a denial of the shredding, or an alternative explanation.

Another angle: The leader they followed to VW was not involved. But SENTENCE 1 doesn't mention the leader's involvement in the shredding. So that might be introducing new info, which is okay.

Wait, the task is to finish SENTENCE 2 such that the label is 0. So SENTENCE 2 should not be entailed by SENTENCE 1. So it could"
